Hugo_Symbol	Amino_Acid_Position	log10_pvalue	Mutation_Count	Reference_Amino_Acid	Total_Mutations_in_Gene	Median_Allele_Freq_Rank	Allele_Freq_Rank	Variant_Amino_Acid	Codon_Change	Genomic_Position	Detailed_Cancer_Types	Organ_Types	Tri-nucleotides	Mutability	mu_protein	Total_Samples	Analysis_Type	qvalue	tm	qvalue_pancan	Is_repeat	seq	length	align100	pad12entropy	pad24entropy	pad36entropy	TP	reason	n_MSK	n_Retro	judgement	inNBT	inOncokb	ref	qvaluect	ct	Samples	Unnamed: 39	Unnamed: 40
PIK3R1	X582_splice	-15.525821782254699	14	splice:14	396	0.455026455026455	8|0.428571428571429:0.5:0.4:0.2:0.6:0.481481481481481:0.133333333333333:0.58974358974359	splice:14	:14	5:67591246_9|5:67591247_5	gbm:688:3|prad:1366:2|uec:339:2|mbl:300:1|ucs:117:1|prscc:6:1|ccrcc:771:1|armm:21:1|lggnos:544:1|coadread:683:1	cnsbrain:2270:5|uterus:618:3|prostate:1379:3|bowel:1782:2|kidney:1304:1	CTG|CCT	0.0290783128297901	0.0253681989347135	24592	pancan,cnsbrain,prostate	3.86307734142432e-13	PIK3R1 X582_sice	3.86307734142432e-13	False			1.0	1.2274274103717802	1.1417441523399199	1.26785440106478	False		5	9	RETAIN	False	False	splice	2.4672549624812e-05	cnsbrain	cnsbrain:5|prostate:3|uterus:3|bowel:2|kidney:1		
PIK3R1	348	-9.13055881088963	16	R:16	396	0.0521677828692281	3|0.0129533678756477:0.906542056074766:0.0521677828692281	*:16	Cga/Tga:16	5:67588951_16	uec:339:8|coadread:683:5|coad:712:2|brca:1345:1	uterus:618:8|bowel:1782:7|breast:2561:1	TCG	0.126189265899813	0.0259349443653958	24592	pancan,uterus,bowel	7.678676326044159e-07	PIK3R1 348	7.678676326044159e-07	False			1.0	1.2274274103717802	1.23625979444555	1.3129240316338702	False		2	14	RETAIN	True	False	R	2.4299189653466897e-05	uterus	uterus:8|bowel:7|breast:1		
PIK3R1	X434_splice	-4.064379457739769	5	splice:5	396	0.6	5|1:1:0.375:0.6:0.152573529411765	splice:5	:5	5:67589535_3|5:67589536_2	idc:870:1|prad:1366:1|gbm:688:1|eov:6:1|skcm:787:1	breast:2561:1|prostate:1379:1|cnsbrain:2270:1|ovaryfallopiantube:699:1|skin:974:1	CTA|CCT	0.0274790395378078	0.0270625208646432	24592	pancan	0.0447131965725729	PIK3R1 X434_sice	0.0447131965725729	False			1.0	0.975532654045234	1.04589306504436	1.12543905466025	False		4	1	RETAIN	False	False	splice	1.0	skin	breast:1|cnsbrain:1|ovaryfallopiantube:1|prostate:1|skin:1		
PIK3R1	376	-20.2696084113535	18	G:18	396	0.5	12|0.318181818181818:0.5:0.5:0.666666666666667:0.2:1:0.282051282051282:0.617977528089888:0.966666666666667:0.35:0.528301886792453:0.5	R:18	Gga/Aga:17|Gga/Cga:1	5:67589138_18	gbm:688:8|odg:36:2|stad:748:2|lggnos:544:2|lusc:346:1|coad:712:1|skcm:787:1|ucs:117:1	cnsbrain:2270:12|esophagusstomach:1407:2|lung:2761:1|bowel:1782:1|skin:974:1|uterus:618:1	CCC	0.0345221396784505	0.0251165919057665	24592	cnsbrain,pancan	1.67548192695841e-19	PIK3R1 376	1.39372397107581e-17	False			1.0	0.9425304096641809	1.06268699299993	1.20133897892208	True		7	11	RETAIN	True	True	G	1.67548192695841e-19	cnsbrain	cnsbrain:12|esophagusstomach:2|bowel:1|lung:1|skin:1|uterus:1		
PIK3R1	379	-4.28415601188876	4	K:4	396	1.0	1|1	E:2	Aaa/Gaa:2|aaA/aaT:2	5:67589149_2|5:67589147_2	gbm:688:3|ddls:22:1	cnsbrain:2270:3|softtissue:739:1	TTG|ATT	0.0115910178005479	0.0251490084575988	24592	cnsbrain,pancan	0.0051280355068743	PIK3R1 379	0.0299513674616502	False			1.0	0.91489630957268	1.20713094187725	1.24038312808206	False		1	3	RETAIN	False	True	K	0.0051280355068743	cnsbrain	cnsbrain:1|softtissue:1		
PIK3R1	379	-4.28415601188876	4	K:4	396	1.0	1|1	N:2	Aaa/Gaa:2|aaA/aaT:2	5:67589149_2|5:67589147_2	gbm:688:3|ddls:22:1	cnsbrain:2270:3|softtissue:739:1	TTG|ATT	0.0115910178005479	0.0251490084575988	24592	cnsbrain,pancan	0.0051280355068743	PIK3R1 379	0.0299513674616502	False			1.0	0.91489630957268	1.20713094187725	1.24038312808206	False		1	3	RETAIN	False	True	K	0.0051280355068743	cnsbrain	cnsbrain:2		
PIK3R1	452	-4.731336611915401	4	Y:4	396	0.151689189189189	2|0.125:0.178378378378378	N:1	tAt/tGt:2|Tat/Cat:1|Tat/Aat:1	5:67589592_2|5:67589591_2	uec:339:2|esca:556:1|hnsc:643:1	uterus:618:2|esophagusstomach:1407:1|headandneck:988:1	ATA	0.00945557994353465	0.0267811814176678	24592	pancan	0.0137524642529949	PIK3R1 452	0.0137524642529949	False			1.0	1.1679571494467802	1.18216927943373	1.20102035607681	False		0	4	RETAIN	False	False	Y	0.180539470918764	uterus	uterus:1		
PIK3R1	452	-4.731336611915401	4	Y:4	396	0.151689189189189	2|0.125:0.178378378378378	H:1	tAt/tGt:2|Tat/Cat:1|Tat/Aat:1	5:67589592_2|5:67589591_2	uec:339:2|esca:556:1|hnsc:643:1	uterus:618:2|esophagusstomach:1407:1|headandneck:988:1	ATA	0.00945557994353465	0.0267811814176678	24592	pancan	0.0137524642529949	PIK3R1 452	0.0137524642529949	False			1.0	1.1679571494467802	1.18216927943373	1.20102035607681	False		0	4	RETAIN	False	False	Y	0.180539470918764	uterus	uterus:1		
PIK3R1	452	-4.731336611915401	4	Y:4	396	0.151689189189189	2|0.125:0.178378378378378	C:2	tAt/tGt:2|Tat/Cat:1|Tat/Aat:1	5:67589592_2|5:67589591_2	uec:339:2|esca:556:1|hnsc:643:1	uterus:618:2|esophagusstomach:1407:1|headandneck:988:1	ATA	0.00945557994353465	0.0267811814176678	24592	pancan	0.0137524642529949	PIK3R1 452	0.0137524642529949	False			1.0	1.1679571494467802	1.18216927943373	1.20102035607681	False		0	4	RETAIN	False	False	Y	0.180539470918764	uterus	esophagusstomach:1|headandneck:1		
PIK3R1	567	-19.71308977044	12	K:12	396	0.6156542056074771	9|0.365217391304348:0.8:0.5:1:0.909090909090909:0.821428571428571:0.431818181818182:0.5:0.615654205607477	E:12	Aaa/Gaa:12	5:67591106_12	coad:712:4|ucs:117:2|uec:339:2|dlbcl:246:1|esca:556:1|aodg:43:1|stad:748:1	uterus:618:4|bowel:1782:4|esophagusstomach:1407:2|lymph:366:1|cnsbrain:2270:1	TTA	0.00732343617937324	0.0255452935975956	24592	pancan,uterus,bowel	3.34660265701711e-17	PIK3R1 567	3.34660265701711e-17	False			1.0	1.2604397032094299	1.31459414544316	1.29243881205189	True		7	5	RETAIN	True	False	K	1.96184283340875e-05	uterus	bowel:4|uterus:4|esophagusstomach:2|cnsbrain:1|lymph:1		
PIK3R1	564	-26.6800483951677	17	N:17	396	0.569847127042699	14|0.571428571428571:1:0.328125:0.682539682539683:0.5:1:0.75:0.8:0.177083333333333:0.675261324041812:0.4:0.440677966101695:0.568265682656827:0.241379310344828	D:17	Aac/Gac:17	5:67591097_17	lggnos:544:3|coadread:683:2|aastr:82:2|macr:38:2|uuc:3:1|syns:20:1|lusc:346:1|coad:712:1|aodg:43:1|uec:339:1|stad:748:1|skcm:787:1	cnsbrain:2270:6|bowel:1782:5|uterus:618:2|softtissue:739:1|lung:2761:1|esophagusstomach:1407:1|skin:974:1	TTC	0.0117195668636499	0.0254026575682131	24592	pancan,cnsbrain,bowel	1.0833449956720198e-23	PIK3R1 564	1.0833449956720198e-23	False			1.0	1.15799735273854	1.26898992406107	1.3126780864275	True		9	8	RETAIN	True	True	N	2.03199170844153e-09	cnsbrain	cnsbrain:6|bowel:5|uterus:2|esophagusstomach:1|lung:1|skin:1|softtissue:1		
PIK3R1	560	-5.12321043941499	8	D:8	396	0.4604166666666671	4|0.206477732793522:0.714285714285714:0.4:0.520833333333333	N:1	gAc/gGc:3|Gac/Tac:2|Gac/Cac:2|Gac/Aac:1	5:67591085_5|5:67591086_3	gbm:688:2|hnsc:643:1|luad:2057:1|idc:870:1|coad:712:1|dlbcl:246:1|lggnos:544:1	cnsbrain:2270:3|headandneck:988:1|lung:2761:1|breast:2561:1|bowel:1782:1|lymph:366:1	TCA|GTC	0.0599735528809171	0.026546905835856005	24592	pancan,cnsbrain	0.00650808905211078	PIK3R1 560	0.00650808905211078	False			1.0	1.26284065685483	1.24373884303241	1.28886114965593	True		3	5	RETAIN	False	True	D	0.0128714877599463	cnsbrain	lung:1		
PIK3R1	560	-5.12321043941499	8	D:8	396	0.4604166666666671	4|0.206477732793522:0.714285714285714:0.4:0.520833333333333	H:2	gAc/gGc:3|Gac/Tac:2|Gac/Cac:2|Gac/Aac:1	5:67591085_5|5:67591086_3	gbm:688:2|hnsc:643:1|luad:2057:1|idc:870:1|coad:712:1|dlbcl:246:1|lggnos:544:1	cnsbrain:2270:3|headandneck:988:1|lung:2761:1|breast:2561:1|bowel:1782:1|lymph:366:1	TCA|GTC	0.0599735528809171	0.026546905835856005	24592	pancan,cnsbrain	0.00650808905211078	PIK3R1 560	0.00650808905211078	False			1.0	1.26284065685483	1.24373884303241	1.28886114965593	True		3	5	RETAIN	False	True	D	0.0128714877599463	cnsbrain	cnsbrain:1|headandneck:1		
PIK3R1	X475_splice	-4.62529429035785	5	splice:5	396	0.6	5|0.6:0.4:1:0.367231638418079:0.813725490196078	splice:5	:5	5:67589663_3|5:67589664_2	esmm:3:1|aastr:82:1|prad:1366:1|stad:748:1|skcm:787:1	esophagusstomach:1407:2|cnsbrain:2270:1|prostate:1379:1|skin:974:1	ACC|GTG	0.0195766524081219	0.0253932895955112	24592	pancan	0.0153614035834394	PIK3R1 X475_sice	0.0153614035834394	False			1.0	1.15799735273854	1.2493616629055702	1.1884279651519098	False		3	2	RETAIN	False	False	splice	1.0	cnsbrain	esophagusstomach:2|cnsbrain:1|prostate:1|skin:1		
PIK3R1	560	-5.12321043941499	8	D:8	396	0.4604166666666671	4|0.206477732793522:0.714285714285714:0.4:0.520833333333333	G:3	gAc/gGc:3|Gac/Tac:2|Gac/Cac:2|Gac/Aac:1	5:67591085_5|5:67591086_3	gbm:688:2|hnsc:643:1|luad:2057:1|idc:870:1|coad:712:1|dlbcl:246:1|lggnos:544:1	cnsbrain:2270:3|headandneck:988:1|lung:2761:1|breast:2561:1|bowel:1782:1|lymph:366:1	TCA|GTC	0.0599735528809171	0.026546905835856005	24592	pancan,cnsbrain	0.00650808905211078	PIK3R1 560	0.00650808905211078	False			1.0	1.26284065685483	1.24373884303241	1.28886114965593	True		3	5	RETAIN	False	True	D	0.0128714877599463	cnsbrain	cnsbrain:2|lymph:1		
PIK3R1	560	-5.12321043941499	8	D:8	396	0.4604166666666671	4|0.206477732793522:0.714285714285714:0.4:0.520833333333333	Y:2	gAc/gGc:3|Gac/Tac:2|Gac/Cac:2|Gac/Aac:1	5:67591085_5|5:67591086_3	gbm:688:2|hnsc:643:1|luad:2057:1|idc:870:1|coad:712:1|dlbcl:246:1|lggnos:544:1	cnsbrain:2270:3|headandneck:988:1|lung:2761:1|breast:2561:1|bowel:1782:1|lymph:366:1	TCA|GTC	0.0599735528809171	0.026546905835856005	24592	pancan,cnsbrain	0.00650808905211078	PIK3R1 560	0.00650808905211078	False			1.0	1.26284065685483	1.24373884303241	1.28886114965593	True		3	5	RETAIN	False	True	D	0.0128714877599463	cnsbrain	bowel:1|breast:1		
PIK3R2	557	-8.371440823016309	9	D:9	254	0.491106719367589	8|1:0.482213438735178:1:0.333333333333333:0.6:0.142857142857143:0.142857142857143:0.5	Y:5	Gac/Tac:5|Gac/Aac:2|gAc/gGc:1|Gac/Cac:1	19:18278049_8|19:18278050_1	prad:1366:2|utuc:76:1|idc:870:1|sem:59:1|ophsc:37:1|uec:339:1|luad:2057:1|brca:1345:1	prostate:1379:2|breast:2561:2|bladder:958:1|testis:217:1|headandneck:988:1|uterus:618:1|lung:2761:1	TCG|GTC	0.0567689173491505	0.0359930372124055	24592	pancan	1.37716918085153e-05	PIK3R2 557	1.37716918085153e-05	False			1.0	1.2604397032094299	1.2781831391436103	1.28995830165085	False		8	1	RETAIN	False	False	D	1.0	uterus	prostate:2|breast:1|headandneck:1|uterus:1		
PIK3R2	557	-8.371440823016309	9	D:9	254	0.491106719367589	8|1:0.482213438735178:1:0.333333333333333:0.6:0.142857142857143:0.142857142857143:0.5	N:2	Gac/Tac:5|Gac/Aac:2|gAc/gGc:1|Gac/Cac:1	19:18278049_8|19:18278050_1	prad:1366:2|utuc:76:1|idc:870:1|sem:59:1|ophsc:37:1|uec:339:1|luad:2057:1|brca:1345:1	prostate:1379:2|breast:2561:2|bladder:958:1|testis:217:1|headandneck:988:1|uterus:618:1|lung:2761:1	TCG|GTC	0.0567689173491505	0.0359930372124055	24592	pancan	1.37716918085153e-05	PIK3R2 557	1.37716918085153e-05	False			1.0	1.2604397032094299	1.2781831391436103	1.28995830165085	False		8	1	RETAIN	False	False	D	1.0	uterus	breast:1|lung:1		
PIK3R2	557	-8.371440823016309	9	D:9	254	0.491106719367589	8|1:0.482213438735178:1:0.333333333333333:0.6:0.142857142857143:0.142857142857143:0.5	G:1	Gac/Tac:5|Gac/Aac:2|gAc/gGc:1|Gac/Cac:1	19:18278049_8|19:18278050_1	prad:1366:2|utuc:76:1|idc:870:1|sem:59:1|ophsc:37:1|uec:339:1|luad:2057:1|brca:1345:1	prostate:1379:2|breast:2561:2|bladder:958:1|testis:217:1|headandneck:988:1|uterus:618:1|lung:2761:1	TCG|GTC	0.0567689173491505	0.0359930372124055	24592	pancan	1.37716918085153e-05	PIK3R2 557	1.37716918085153e-05	False			1.0	1.2604397032094299	1.2781831391436103	1.28995830165085	False		8	1	RETAIN	False	False	D	1.0	uterus	bladder:1		
PIK3R2	373	-8.277524406614269	9	G:9	254	0.641025641025641	5|0.75:0.428571428571429:0.641025641025641:0.860230547550432:0.205387205387205	R:9	Ggg/Agg:9	19:18273784_9	uec:339:3|ilc:184:1|coad:712:1|ampca:14:1|luad:2057:1|blca:852:1|stad:748:1	uterus:618:3|breast:2561:1|bowel:1782:1|ampullaofvater:23:1|lung:2761:1|bladder:958:1|esophagusstomach:1407:1	CCG	0.0564022348679756	0.0348658826594927	24592	pancan,uterus	1.37716918085153e-05	PIK3R2 373	1.37716918085153e-05	False			1.0	1.07998367805477	1.24373884303241	1.2659409916779398	False		4	5	RETAIN	False	True	G	0.0667992288809348	uterus	uterus:3|ampullaofvater:1|bladder:1|bowel:1|breast:1|esophagusstomach:1|lung:1		
PIK3R2	557	-8.371440823016309	9	D:9	254	0.491106719367589	8|1:0.482213438735178:1:0.333333333333333:0.6:0.142857142857143:0.142857142857143:0.5	H:1	Gac/Tac:5|Gac/Aac:2|gAc/gGc:1|Gac/Cac:1	19:18278049_8|19:18278050_1	prad:1366:2|utuc:76:1|idc:870:1|sem:59:1|ophsc:37:1|uec:339:1|luad:2057:1|brca:1345:1	prostate:1379:2|breast:2561:2|bladder:958:1|testis:217:1|headandneck:988:1|uterus:618:1|lung:2761:1	TCG|GTC	0.0567689173491505	0.0359930372124055	24592	pancan	1.37716918085153e-05	PIK3R2 557	1.37716918085153e-05	False			1.0	1.2604397032094299	1.2781831391436103	1.28995830165085	False		8	1	RETAIN	False	False	D	1.0	uterus	testis:1		
PREX2	50	-6.04242875197734	9	L:9	827	0.7073170731707321	7|0.707317073170732:0.0967741935483871:0.73943661971831:0.610526315789474:0.325443786982249:0.734513274336283:0.898648648648649	V:5	Tta/Gta:5|Tta/Cta:4	8:68930087_9	esca:556:5|coadread:683:2|stad:748:2	esophagusstomach:1407:7|bowel:1782:2	CTT	0.0488174986791614	0.0244796355275137	14256	esophagusstomach,pancan	4.17095917701041e-05	PREX2 50	0.0115924936968643	False			1.0	1.31990996413443	1.27236342441484	1.28541496210905	False		0	9	RETAIN	False	False	L	4.17095917701041e-05	esophagusstomach	esophagusstomach:3|bowel:2		
PREX2	50	-6.04242875197734	9	L:9	827	0.7073170731707321	7|0.707317073170732:0.0967741935483871:0.73943661971831:0.610526315789474:0.325443786982249:0.734513274336283:0.898648648648649	L:4	Tta/Gta:5|Tta/Cta:4	8:68930087_9	esca:556:5|coadread:683:2|stad:748:2	esophagusstomach:1407:7|bowel:1782:2	CTT	0.0488174986791614	0.0244796355275137	14256	esophagusstomach,pancan	4.17095917701041e-05	PREX2 50	0.0115924936968643	False			1.0	1.31990996413443	1.27236342441484	1.28541496210905	False		0	9	RETAIN	False	False	L	4.17095917701041e-05	esophagusstomach	esophagusstomach:4		
SOS1	90	-4.73675614949234	5	A:5	233	0.154499151103565	4|0.0780541216956046:0.328767123287671:0.154499151103565:0.154499151103565	A:3	gcC/gcA:2|gCc/gTc:1|gcC/gcT:1|Gcc/Acc:1	2:39285889_3|2:39285891_1|2:39285890_1	skcm:787:2|gbm:688:1|lusc:346:1|ccrcc:771:1	skin:974:2|cnsbrain:2270:1|lung:2761:1|kidney:1304:1	CCC|GCC|GCA	0.0491944603308487	0.0269558539304271	14256	pancan	0.0949773985392201	SOS1 90	0.0949773985392201	False			1.0	1.3027670857529299	1.2895298166904199	1.2791764734333102	False		0	5	RETAIN	False	False	A	1.0	lung	cnsbrain:1|kidney:1|skin:1		
SOS1	90	-4.73675614949234	5	A:5	233	0.154499151103565	4|0.0780541216956046:0.328767123287671:0.154499151103565:0.154499151103565	T:1	gcC/gcA:2|gCc/gTc:1|gcC/gcT:1|Gcc/Acc:1	2:39285889_3|2:39285891_1|2:39285890_1	skcm:787:2|gbm:688:1|lusc:346:1|ccrcc:771:1	skin:974:2|cnsbrain:2270:1|lung:2761:1|kidney:1304:1	CCC|GCC|GCA	0.0491944603308487	0.0269558539304271	14256	pancan	0.0949773985392201	SOS1 90	0.0949773985392201	False			1.0	1.3027670857529299	1.2895298166904199	1.2791764734333102	False		0	5	RETAIN	False	False	A	1.0	lung	lung:1		
SOS1	90	-4.73675614949234	5	A:5	233	0.154499151103565	4|0.0780541216956046:0.328767123287671:0.154499151103565:0.154499151103565	V:1	gcC/gcA:2|gCc/gTc:1|gcC/gcT:1|Gcc/Acc:1	2:39285889_3|2:39285891_1|2:39285890_1	skcm:787:2|gbm:688:1|lusc:346:1|ccrcc:771:1	skin:974:2|cnsbrain:2270:1|lung:2761:1|kidney:1304:1	CCC|GCC|GCA	0.0491944603308487	0.0269558539304271	14256	pancan	0.0949773985392201	SOS1 90	0.0949773985392201	False			1.0	1.3027670857529299	1.2895298166904199	1.2791764734333102	False		0	5	RETAIN	False	False	A	1.0	lung	skin:1		
SOS1	233	-12.0449775421471	7	N:7	233	0.0295566502463054	3|0.854166666666667:0.0295566502463054:0.00512820512820513	Y:7	Aat/Tat:7	2:39281778_7	luad:2057:4|uec:339:3	lung:2761:4|uterus:618:3	TTG	0.0104191070647891	0.0272658672001331	14256	pancan,lung,uterus	9.34176359993697e-09	SOS1 233	9.34176359993697e-09	False			1.0	1.1679571494467802	1.2153723825307	1.23019855193475	False		0	7	RETAIN	True	False	N	9.48075749252071e-06	lung	lung:4|uterus:3		
