sample_id	mut_position	wt_residue	mut_residue	count	status	active_region	Freq	gene	PTM_position	residue	kinase	active_region_p	domain
TCGA-23-1124-01A	1750	S	I	1	DI,N2	25	1740	AKAP13	1754	S		0.00159648931396986	
TCGA-23-1124-01A	1750	S	I	1	DI,N2	25	1740	AKAP13	1747	T		0.00159648931396986	
TCGA-23-1124-01A	1750	S	I	1	DI,N2	25	1740	AKAP13	1750	S	NA	0.00159648931396986	
TCGA-23-1124-01A	1750	S	I	1	DI,N2	25	1761	AKAP13	1754	S		0.00159648931396986	
TCGA-23-1124-01A	1750	S	I	1	DI,N2	25	1761	AKAP13	1747	T		0.00159648931396986	
TCGA-23-1124-01A	1750	S	I	1	DI,N2	25	1761	AKAP13	1750	S	NA	0.00159648931396986	
HCC2218	605	E	K	1	N1,N2	8	594	ARHGAP11A	606	S	NA	0.000829293600604794	
HCC2218	605	E	K	1	N1,N2	8	594	ARHGAP11A	601	K	NA	0.000829293600604794	
HCC2218	605	E	K	1	N1,N2	8	594	ARHGAP11A	604	S	NA	0.000829293600604794	
HCC2218	605	E	K	1	N1,N2	8	645	ARHGAP11A	606	S	NA	0.000829293600604794	
HCC2218	605	E	K	1	N1,N2	8	645	ARHGAP11A	601	K	NA	0.000829293600604794	
HCC2218	605	E	K	1	N1,N2	8	645	ARHGAP11A	604	S	NA	0.000829293600604794	
TCGA-13-1509-01A	776	N	T	1	N1	8	785	ARHGAP31	778	S	NA	0.000730800771931962	
TCGA-13-1509-01A	776	N	T	1	N1	8	771	ARHGAP31	778	S	NA	0.000730800771931962	
TCGA-13-0903-01A	472	L	I	1	N2	1	486	ARHGAP36	479	S	NA	0.00725681479268128	
TCGA-13-0903-01A	472	L	I	1	N2	1	486	ARHGAP36	478	T	NA	0.00725681479268128	
TCGA-13-0903-01A	472	L	I	1	N2	1	471	ARHGAP36	479	S	NA	0.00725681479268128	
TCGA-13-0903-01A	472	L	I	1	N2	1	471	ARHGAP36	478	T	NA	0.00725681479268128	
Br27P	1124	S	L	1	DI,N2	15	1149	ARHGAP5	1124	S	NA	0.00638477081452965	
Br27P	1124	S	L	1	DI,N2	15	1149	ARHGAP5	1129	T	NA	0.00638477081452965	
Br27P	1124	S	L	1	DI,N2	15	1149	ARHGAP5	1129	T		0.00638477081452965	
Br27P	1124	S	L	1	DI,N2	15	1149	ARHGAP5	1124	S		0.00638477081452965	
Br27P	1124	S	L	1	DI,N2	15	1081	ARHGAP5	1124	S	NA	0.00638477081452965	
Br27P	1124	S	L	1	DI,N2	15	1081	ARHGAP5	1129	T	NA	0.00638477081452965	
Br27P	1124	S	L	1	DI,N2	15	1081	ARHGAP5	1129	T		0.00638477081452965	
Br27P	1124	S	L	1	DI,N2	15	1081	ARHGAP5	1124	S		0.00638477081452965	
HX13T	264	G	C	1	N1,N2	5	273	ARHGEF40	262	S	NA	0.000474877535161407	
HX13T	264	G	C	1	N1,N2	5	273	ARHGEF40	266	S	NA	0.000474877535161407	
HX13T	264	G	C	1	N1,N2	5	273	ARHGEF40	262	S		0.000474877535161407	
HX13T	264	G	C	1	N1,N2	5	273	ARHGEF40	257	T	NA	0.000474877535161407	
HX13T	264	G	C	1	N1,N2	5	235	ARHGEF40	262	S	NA	0.000474877535161407	
HX13T	264	G	C	1	N1,N2	5	235	ARHGEF40	266	S	NA	0.000474877535161407	
HX13T	264	G	C	1	N1,N2	5	235	ARHGEF40	262	S		0.000474877535161407	
HX13T	264	G	C	1	N1,N2	5	235	ARHGEF40	257	T	NA	0.000474877535161407	
HX12T	454	S	P	1	DI,N2	8	461	ARHGEF6	454	S		0.00045683980501339	PH(450-550)
HX12T	454	S	P	1	DI,N2	8	447	ARHGEF6	454	S		0.00045683980501339	PH(450-550)
TCGA-13-0723-01A	680	M	R	1	N2	9	669	ARHGEF7	676	S	NA	0.00818283991474199	Pfam:RhoGEF67_u2(632-732)
TCGA-13-0723-01A	680	M	R	1	N2	9	683	ARHGEF7	676	S	NA	0.00818283991474199	Pfam:RhoGEF67_u2(632-732)
TCGA-04-1514-01A	12	R	T	1	N1	1	4	CHN1	11	Y	NA	0.0119058242537421	
TCGA-04-1514-01A	12	R	T	1	N1	1	18	CHN1	11	Y	NA	0.0119058242537421	
TCGA-09-1669-01A	1294	R	C	1	N1	14	1303	DLC1	1296	S	NA	0.00106511238498106	
TCGA-09-1669-01A	1294	R	C	1	N1	14	1289	DLC1	1296	S	NA	0.00106511238498106	
TCGA-13-0807-01B	854	R	Q	1	N2	17	828	DOCK2	850	K	NA	0.044826914453409	
TCGA-13-0807-01B	854	R	Q	1	N2	17	828	DOCK2	849	K	NA	0.044826914453409	
TCGA-13-0807-01B	854	R	Q	1	N2	17	879	DOCK2	850	K	NA	0.044826914453409	
TCGA-13-0807-01B	854	R	Q	1	N2	17	879	DOCK2	849	K	NA	0.044826914453409	
Pa08C	200	E	D	1	N1,N2	4	225	DOCK2	204	K	NA	0.0886456399663809	Pfam:DOCK_N(71-414)
Pa08C	200	E	D	1	N1,N2	4	225	DOCK2	199	K	NA	0.0886456399663809	Pfam:DOCK_N(71-414)
Pa08C	200	E	D	1	N1,N2	4	192	DOCK2	204	K	NA	0.0886456399663809	Pfam:DOCK_N(71-414)
Pa08C	200	E	D	1	N1,N2	4	192	DOCK2	199	K	NA	0.0886456399663809	Pfam:DOCK_N(71-414)
Pa01C	406	V	L	1	N2	9	417	DOCK2	410	K	NA	0.0166454969467344	Pfam:DOCK_N(71-414)
Pa01C	406	V	L	1	N2	9	388	DOCK2	410	K	NA	0.0166454969467344	Pfam:DOCK_N(71-414)
TCGA-13-0726-01A	1251	G	R	1	N2	10	1252	DOCK8	1245	S	NA	0.0272674564837432	
TCGA-13-0726-01A	1251	G	R	1	N2	10	1233	DOCK8	1245	S	NA	0.0272674564837432	
TCGA-04-1338-01A	45	E	D	1	N2	1	48	ECT2	41	Y	NA	0.057364453688197	
TCGA-04-1338-01A	45	E	D	1	N2	1	48	ECT2	39	T	NA	0.057364453688197	
TCGA-04-1338-01A	45	E	D	1	N2	1	48	ECT2	41	Y		0.057364453688197	
TCGA-04-1338-01A	45	E	D	1	N2	1	48	ECT2	40	S	NA	0.057364453688197	
TCGA-04-1338-01A	45	E	D	1	N2	1	48	ECT2	40	S		0.057364453688197	
TCGA-04-1338-01A	45	E	D	1	N2	1	48	ECT2	38	S	NA	0.057364453688197	
TCGA-04-1338-01A	45	E	D	1	N2	1	1	ECT2	41	Y	NA	0.057364453688197	
TCGA-04-1338-01A	45	E	D	1	N2	1	1	ECT2	39	T	NA	0.057364453688197	
TCGA-04-1338-01A	45	E	D	1	N2	1	1	ECT2	41	Y		0.057364453688197	
TCGA-04-1338-01A	45	E	D	1	N2	1	1	ECT2	40	S	NA	0.057364453688197	
TCGA-04-1338-01A	45	E	D	1	N2	1	1	ECT2	40	S		0.057364453688197	
TCGA-04-1338-01A	45	E	D	1	N2	1	1	ECT2	38	S	NA	0.057364453688197	
TCGA-13-0762-01A	648	R	Q	1	N1,N2	7	614	FAM13A	644	S		0.0128422605729347	
TCGA-13-0762-01A	648	R	Q	1	N1,N2	7	614	FAM13A	651	S	NA	0.0128422605729347	
TCGA-13-0762-01A	648	R	Q	1	N1,N2	7	614	FAM13A	652	S	NA	0.0128422605729347	
TCGA-13-0762-01A	648	R	Q	1	N1,N2	7	614	FAM13A	655	S		0.0128422605729347	
TCGA-13-0762-01A	648	R	Q	1	N1,N2	7	614	FAM13A	655	S	NA	0.0128422605729347	
TCGA-13-0762-01A	648	R	Q	1	N1,N2	7	614	FAM13A	650	S	NA	0.0128422605729347	
TCGA-13-0762-01A	648	R	Q	1	N1,N2	7	614	FAM13A	652	S		0.0128422605729347	
TCGA-13-0762-01A	648	R	Q	1	N1,N2	7	663	FAM13A	644	S		0.0128422605729347	
TCGA-13-0762-01A	648	R	Q	1	N1,N2	7	663	FAM13A	651	S	NA	0.0128422605729347	
TCGA-13-0762-01A	648	R	Q	1	N1,N2	7	663	FAM13A	652	S	NA	0.0128422605729347	
TCGA-13-0762-01A	648	R	Q	1	N1,N2	7	663	FAM13A	655	S		0.0128422605729347	
TCGA-13-0762-01A	648	R	Q	1	N1,N2	7	663	FAM13A	655	S	NA	0.0128422605729347	
TCGA-13-0762-01A	648	R	Q	1	N1,N2	7	663	FAM13A	650	S	NA	0.0128422605729347	
TCGA-13-0762-01A	648	R	Q	1	N1,N2	7	663	FAM13A	652	S		0.0128422605729347	
TCGA-13-1404-01A	1164	V	I	1	N1	13	1147	FGD5	1163	K	NA	0.0176578216559638	PH(1114-1209)
TCGA-13-1404-01A	1164	V	I	1	N1	13	1170	FGD5	1163	K	NA	0.0176578216559638	PH(1114-1209)
TCGA-13-0897-01A	1390	E	D	1	N2	18	1402	FGD6	1395	K	NA	0.00584404713406599	PH(1334-1430)
TCGA-13-0897-01A	1390	E	D	1	N2	18	1388	FGD6	1395	K	NA	0.00584404713406599	PH(1334-1430)
TCGA-10-0938-01A	326	V	L	1	N1	4	311	INPP5B	324	K	NA	0.00433457894730928	
TCGA-10-0938-01A	326	V	L	1	N1	4	342	INPP5B	324	K	NA	0.00433457894730928	
Mx38	254	L	P	1	N1	1	248	MCF2L2	255	K	NA	0.00877389494687633	
Mx38	254	L	P	1	N1	1	262	MCF2L2	255	K	NA	0.00877389494687633	
HCC1143	202	D	N	1	N2	4	205	NET1	198	K	NA	0.0855494859797484	RhoGEF(178-355)
HCC1143	202	D	N	1	N2	4	187	NET1	198	K	NA	0.0855494859797484	RhoGEF(178-355)
TCGA-04-1343-01A	286	A	S	1	N1,N2	2	296	NGEF	289	Y		0.0589584284479416	RhoGEF(277-456)
TCGA-04-1343-01A	286	A	S	1	N1,N2	2	296	NGEF	288	Y		0.0589584284479416	RhoGEF(277-456)
TCGA-04-1343-01A	286	A	S	1	N1,N2	2	281	NGEF	289	Y		0.0589584284479416	RhoGEF(277-456)
TCGA-04-1343-01A	286	A	S	1	N1,N2	2	281	NGEF	288	Y		0.0589584284479416	RhoGEF(277-456)
TCGA-24-1549-01A	682	T	N	1	N2	6	678	OPHN1	685	T	NA	0.00724582844161473	
TCGA-24-1549-01A	682	T	N	1	N2	6	692	OPHN1	685	T	NA	0.00724582844161473	
Br103X	464	D	H	1	N1,N2	4	478	PIK3R1	467	Y		0.0126539898500335	Pfam:PI3K_P85_iSH2(431-599)
Br103X	464	D	H	1	N1,N2	4	478	PIK3R1	463	Y		0.0126539898500335	Pfam:PI3K_P85_iSH2(431-599)
Br103X	464	D	H	1	N1,N2	4	478	PIK3R1	470	Y		0.0126539898500335	Pfam:PI3K_P85_iSH2(431-599)
Br103X	464	D	H	1	N1,N2	4	478	PIK3R1	459	K	NA	0.0126539898500335	Pfam:PI3K_P85_iSH2(431-599)
Br103X	464	D	H	1	N1,N2	4	478	PIK3R1	471	T	NA	0.0126539898500335	Pfam:PI3K_P85_iSH2(431-599)
Br103X	464	D	H	1	N1,N2	4	478	PIK3R1	467	Y	NA	0.0126539898500335	Pfam:PI3K_P85_iSH2(431-599)
Br103X	464	D	H	1	N1,N2	4	412	PIK3R1	467	Y		0.0126539898500335	Pfam:PI3K_P85_iSH2(431-599)
Br103X	464	D	H	1	N1,N2	4	412	PIK3R1	463	Y		0.0126539898500335	Pfam:PI3K_P85_iSH2(431-599)
Br103X	464	D	H	1	N1,N2	4	412	PIK3R1	470	Y		0.0126539898500335	Pfam:PI3K_P85_iSH2(431-599)
Br103X	464	D	H	1	N1,N2	4	412	PIK3R1	459	K	NA	0.0126539898500335	Pfam:PI3K_P85_iSH2(431-599)
Br103X	464	D	H	1	N1,N2	4	412	PIK3R1	471	T	NA	0.0126539898500335	Pfam:PI3K_P85_iSH2(431-599)
Br103X	464	D	H	1	N1,N2	4	412	PIK3R1	467	Y	NA	0.0126539898500335	Pfam:PI3K_P85_iSH2(431-599)
Br102X	459	K	E	1	DI,N2	4	478	PIK3R1	463	Y		0.0126539898500335	Pfam:PI3K_P85_iSH2(431-599)
Br102X	459	K	E	1	DI,N2	4	478	PIK3R1	452	Y	NA	0.0126539898500335	Pfam:PI3K_P85_iSH2(431-599)
Br102X	459	K	E	1	DI,N2	4	478	PIK3R1	459	K	NA	0.0126539898500335	Pfam:PI3K_P85_iSH2(431-599)
Br102X	459	K	E	1	DI,N2	4	478	PIK3R1	452	Y		0.0126539898500335	Pfam:PI3K_P85_iSH2(431-599)
Br102X	459	K	E	1	DI,N2	4	412	PIK3R1	463	Y		0.0126539898500335	Pfam:PI3K_P85_iSH2(431-599)
Br102X	459	K	E	1	DI,N2	4	412	PIK3R1	452	Y	NA	0.0126539898500335	Pfam:PI3K_P85_iSH2(431-599)
Br102X	459	K	E	1	DI,N2	4	412	PIK3R1	459	K	NA	0.0126539898500335	Pfam:PI3K_P85_iSH2(431-599)
Br102X	459	K	E	1	DI,N2	4	412	PIK3R1	452	Y		0.0126539898500335	Pfam:PI3K_P85_iSH2(431-599)
Br019X	570	L	P	1	N2	7	587	PIK3R1	567	K	NA	0.136610183308055	Pfam:PI3K_P85_iSH2(431-599)
Br019X	570	L	P	1	N2	7	587	PIK3R1	576	T	NA	0.136610183308055	Pfam:PI3K_P85_iSH2(431-599)
Br019X	570	L	P	1	N2	7	543	PIK3R1	567	K	NA	0.136610183308055	Pfam:PI3K_P85_iSH2(431-599)
Br019X	570	L	P	1	N2	7	543	PIK3R1	576	T	NA	0.136610183308055	Pfam:PI3K_P85_iSH2(431-599)
012-02-1TD	539	R	H	1	N1	6	534	PIK3R2	541	K	NA	0.0052425273545937	Pfam:PI3K_P85_iSH2(428-596)
012-02-1TD	539	R	H	1	N1	6	548	PIK3R2	541	K	NA	0.0052425273545937	Pfam:PI3K_P85_iSH2(428-596)
Pa16C	484	P	L	1	N1,N2	6	496	PLEKHG2	489	Y	NA	0.0102232901013717	
Pa16C	484	P	L	1	N1,N2	6	496	PLEKHG2	482	S	NA	0.0102232901013717	
Pa16C	484	P	L	1	N1,N2	6	496	PLEKHG2	482	S		0.0102232901013717	
Pa16C	484	P	L	1	N1,N2	6	459	PLEKHG2	489	Y	NA	0.0102232901013717	
Pa16C	484	P	L	1	N1,N2	6	459	PLEKHG2	482	S	NA	0.0102232901013717	
Pa16C	484	P	L	1	N1,N2	6	459	PLEKHG2	482	S		0.0102232901013717	
TCGA-36-1578-01A	766	P	A	1	N2	3	739	RASGRF2	762	T	NA	0.143171037962326	
TCGA-36-1578-01A	766	P	A	1	N2	3	783	RASGRF2	762	T	NA	0.143171037962326	
TCGA-13-0893-01B	1184	P	H	1	N2	11	1236	SOS1	1178	S	NA	0.00829122037091829	
TCGA-13-0893-01B	1184	P	H	1	N2	11	1236	SOS1	1178	S	MAPK1	0.00829122037091829	
TCGA-13-0893-01B	1184	P	H	1	N2	11	1154	SOS1	1178	S	NA	0.00829122037091829	
TCGA-13-0893-01B	1184	P	H	1	N2	11	1154	SOS1	1178	S	MAPK1	0.00829122037091829	
TCGA-04-1362-01A	1231	L	V	1	N1,N2	11	1236	SOS1	1228	S	NA	0.00829122037091829	
TCGA-04-1362-01A	1231	L	V	1	N1,N2	11	1236	SOS1	1229	S	NA	0.00829122037091829	
TCGA-04-1362-01A	1231	L	V	1	N1,N2	11	1236	SOS1	1227	S	NA	0.00829122037091829	
TCGA-04-1362-01A	1231	L	V	1	N1,N2	11	1154	SOS1	1228	S	NA	0.00829122037091829	
TCGA-04-1362-01A	1231	L	V	1	N1,N2	11	1154	SOS1	1229	S	NA	0.00829122037091829	
TCGA-04-1362-01A	1231	L	V	1	N1,N2	11	1154	SOS1	1227	S	NA	0.00829122037091829	
Br17X	433	E	K	1	N2	3	420	SOS1	427	K	NA	0.00283816097319641	
Br17X	433	E	K	1	N2	3	434	SOS1	427	K	NA	0.00283816097319641	
TCGA-23-1022-01A	170	S	F	1	DI,N1,N2	2	163	TIAM1	172	S	NA	0.0019791938694703	
TCGA-23-1022-01A	170	S	F	1	DI,N1,N2	2	163	TIAM1	170	S	NA	0.0019791938694703	
TCGA-23-1022-01A	170	S	F	1	DI,N1,N2	2	179	TIAM1	172	S	NA	0.0019791938694703	
TCGA-23-1022-01A	170	S	F	1	DI,N1,N2	2	179	TIAM1	170	S	NA	0.0019791938694703	
16835	801	L	P	1	N2	15	725	VAV1	804	K	NA	NA	SH3(785-841)
16835	801	L	P	1	N2	15	846	VAV1	804	K	NA	NA	SH3(785-841)
TCGA-24-1546-01A	435	K	N	1	DI,N2	9	451	VAV1	429	K	NA	0.0106091405879713	PH(403-506)
TCGA-24-1546-01A	435	K	N	1	DI,N2	9	451	VAV1	435	K	NA	0.0106091405879713	PH(403-506)
TCGA-24-1546-01A	435	K	N	1	DI,N2	9	422	VAV1	429	K	NA	0.0106091405879713	PH(403-506)
TCGA-24-1546-01A	435	K	N	1	DI,N2	9	422	VAV1	435	K	NA	0.0106091405879713	PH(403-506)
16951	143	R	L	1	N1	3	135	VAV2	142	Y	NA	0.0158850764505264	
16951	143	R	L	1	N1	3	135	VAV2	142	Y	EGFR,LCK	0.0158850764505264	
16951	143	R	L	1	N1	3	149	VAV2	142	Y	NA	0.0158850764505264	
16951	143	R	L	1	N1	3	149	VAV2	142	Y	EGFR,LCK	0.0158850764505264	
17210	840	S	Y	1	N1	17	835	VAV3	842	Y	NA	0.0017780711345006	SH3(791-847)
17210	840	S	Y	1	N1	17	848	VAV3	842	Y	NA	0.0017780711345006	SH3(791-847)
