sample_id	mut_position	wt_residue	mut_residue	count	status	active_region	Freq	gene	PTM_position	residue	kinase	active_region_p
TCGA-23-1124-01A	1750	S	I	1	N2	14	1761	AKAP13	1754	S		0.00134358774136141
TCGA-23-1124-01A	1750	S	I	1	N2	14	1761	AKAP13	1747	T		0.00134358774136141
TCGA-23-1124-01A	1750	S	I	1	N2	14	1740	AKAP13	1754	S		0.00134358774136141
TCGA-23-1124-01A	1750	S	I	1	N2	14	1740	AKAP13	1747	T		0.00134358774136141
Br27P	1124	S	L	1	DI,N2	11	1145	ARHGAP5	1129	T		0.00322348643275853
Br27P	1124	S	L	1	DI,N2	11	1145	ARHGAP5	1124	S		0.00322348643275853
Br27P	1124	S	L	1	DI,N2	11	1084	ARHGAP5	1129	T		0.00322348643275853
Br27P	1124	S	L	1	DI,N2	11	1084	ARHGAP5	1124	S		0.00322348643275853
HX13T	264	G	C	1	N1	2	269	ARHGEF40	262	S		0.00100110414397946
HX13T	264	G	C	1	N1	2	255	ARHGEF40	262	S		0.00100110414397946
HX12T	454	S	P	1	DI,N2	6	447	ARHGEF6	454	S		0.00045683980501339
HX12T	454	S	P	1	DI,N2	6	461	ARHGEF6	454	S		0.00045683980501339
TCGA-04-1338-01A	45	E	D	1	N2	1	33	ECT2	40	S		0.016015047334136
TCGA-04-1338-01A	45	E	D	1	N2	1	33	ECT2	41	Y		0.016015047334136
TCGA-04-1338-01A	45	E	D	1	N2	1	48	ECT2	40	S		0.016015047334136
TCGA-04-1338-01A	45	E	D	1	N2	1	48	ECT2	41	Y		0.016015047334136
TCGA-13-0762-01A	648	R	Q	1	N2	1	614	FAM13A	655	S		0.00965830565403944
TCGA-13-0762-01A	648	R	Q	1	N2	1	614	FAM13A	652	S		0.00965830565403944
TCGA-13-0762-01A	648	R	Q	1	N2	1	614	FAM13A	644	S		0.00965830565403944
TCGA-13-0762-01A	648	R	Q	1	N2	1	662	FAM13A	655	S		0.00965830565403944
TCGA-13-0762-01A	648	R	Q	1	N2	1	662	FAM13A	652	S		0.00965830565403944
TCGA-13-0762-01A	648	R	Q	1	N2	1	662	FAM13A	644	S		0.00965830565403944
TCGA-04-1343-01A	286	A	S	1	N1,N2	1	296	NGEF	289	Y		0.0589584284479416
TCGA-04-1343-01A	286	A	S	1	N1,N2	1	296	NGEF	288	Y		0.0589584284479416
TCGA-04-1343-01A	286	A	S	1	N1,N2	1	281	NGEF	289	Y		0.0589584284479416
TCGA-04-1343-01A	286	A	S	1	N1,N2	1	281	NGEF	288	Y		0.0589584284479416
Br103X	464	D	H	1	N1,N2	4	477	PIK3R1	467	Y		0.00519233489856065
Br103X	464	D	H	1	N1,N2	4	477	PIK3R1	463	Y		0.00519233489856065
Br103X	464	D	H	1	N1,N2	4	477	PIK3R1	470	Y		0.00519233489856065
Br103X	464	D	H	1	N1,N2	4	445	PIK3R1	467	Y		0.00519233489856065
Br103X	464	D	H	1	N1,N2	4	445	PIK3R1	463	Y		0.00519233489856065
Br103X	464	D	H	1	N1,N2	4	445	PIK3R1	470	Y		0.00519233489856065
Br102X	459	K	E	1	N2	4	477	PIK3R1	452	Y		0.00519233489856065
Br102X	459	K	E	1	N2	4	477	PIK3R1	463	Y		0.00519233489856065
Br102X	459	K	E	1	N2	4	445	PIK3R1	452	Y		0.00519233489856065
Br102X	459	K	E	1	N2	4	445	PIK3R1	463	Y		0.00519233489856065
Pa16C	484	P	L	1	N1	2	475	PLEKHG2	482	S		0.000864137760771711
Pa16C	484	P	L	1	N1	2	489	PLEKHG2	482	S		0.000864137760771711
TCGA-13-0893-01B	1184	P	H	1	N2	5	1160	SOS1	1178	S	MAPK1	NA
TCGA-13-0893-01B	1184	P	H	1	N2	5	1217	SOS1	1178	S	MAPK1	NA
16951	143	R	L	1	N1	1	135	VAV2	142	Y	EGFR,LCK	0.0158850764505264
16951	143	R	L	1	N1	1	149	VAV2	142	Y	EGFR,LCK	0.0158850764505264
